{
	"IcoMoonType": "selection",
	"icons": [
		{
			"icon": {
				"paths": [
					"M669.143 464.571l-241.143 241.143q-10.857 10.857-25.714 10.857t-25.714-10.857l-168-168q-10.857-10.857-10.857-25.714t10.857-25.714l58.286-58.286q10.857-10.857 25.714-10.857t25.714 10.857l84 84 157.143-157.143q10.857-10.857 25.714-10.857t25.714 10.857l58.286 58.286q10.857 10.857 10.857 25.714t-10.857 25.714zM749.714 512q0-84.571-41.714-156t-113.143-113.143-156-41.714-156 41.714-113.143 113.143-41.714 156 41.714 156 113.143 113.143 156 41.714 156-41.714 113.143-113.143 41.714-156zM877.714 512q0 119.429-58.857 220.286t-159.714 159.714-220.286 58.857-220.286-58.857-159.714-159.714-58.857-220.286 58.857-220.286 159.714-159.714 220.286-58.857 220.286 58.857 159.714 159.714 58.857 220.286z"
				],
				"width": 877.7139282226562,
				"attrs": [],
				"isMulticolor": false,
				"tags": [
					"check-circle-o"
				],
				"defaultCode": 61533,
				"grid": 14
			},
			"attrs": [],
			"properties": {
				"name": "check-circle-o",
				"id": 88,
				"order": 13,
				"prevSize": 32,
				"code": 61533
			},
			"setIdx": 1,
			"setId": 5,
			"iconIdx": 88
		},
		{
			"icon": {
				"paths": [
					"M365.714 822.857q0 2.286 0.571 11.429t0.286 15.143-1.714 13.429-5.714 11.143-11.714 3.714h-182.857q-68 0-116.286-48.286t-48.286-116.286v-402.286q0-68 48.286-116.286t116.286-48.286h182.857q7.429 0 12.857 5.429t5.429 12.857q0 2.286 0.571 11.429t0.286 15.143-1.714 13.429-5.714 11.143-11.714 3.714h-182.857q-37.714 0-64.571 26.857t-26.857 64.571v402.286q0 37.714 26.857 64.571t64.571 26.857h178.286t6.571 0.571 6.571 1.714 4.571 3.143 4 5.143 1.143 7.714zM896 512q0 14.857-10.857 25.714l-310.857 310.857q-10.857 10.857-25.714 10.857t-25.714-10.857-10.857-25.714v-164.571h-256q-14.857 0-25.714-10.857t-10.857-25.714v-219.429q0-14.857 10.857-25.714t25.714-10.857h256v-164.571q0-14.857 10.857-25.714t25.714-10.857 25.714 10.857l310.857 310.857q10.857 10.857 10.857 25.714z"
				],
				"width": 896.0000305175781,
				"attrs": [],
				"isMulticolor": false,
				"tags": [
					"sign-out"
				],
				"defaultCode": 61579,
				"grid": 14
			},
			"attrs": [],
			"properties": {
				"name": "sign-out",
				"id": 131,
				"order": 8,
				"prevSize": 32,
				"code": 61579
			},
			"setIdx": 1,
			"setId": 5,
			"iconIdx": 131
		},
		{
			"icon": {
				"paths": [
					"M676.571 512q0 14.857-10.857 25.714l-310.857 310.857q-10.857 10.857-25.714 10.857t-25.714-10.857-10.857-25.714v-164.571h-256q-14.857 0-25.714-10.857t-10.857-25.714v-219.429q0-14.857 10.857-25.714t25.714-10.857h256v-164.571q0-14.857 10.857-25.714t25.714-10.857 25.714 10.857l310.857 310.857q10.857 10.857 10.857 25.714zM877.714 310.857v402.286q0 68-48.286 116.286t-116.286 48.286h-182.857q-7.429 0-12.857-5.429t-5.429-12.857q0-2.286-0.571-11.429t-0.286-15.143 1.714-13.429 5.714-11.143 11.714-3.714h182.857q37.714 0 64.571-26.857t26.857-64.571v-402.286q0-37.714-26.857-64.571t-64.571-26.857h-178.286t-6.571-0.571-6.571-1.714-4.571-3.143-4-5.143-1.143-7.714q0-2.286-0.571-11.429t-0.286-15.143 1.714-13.429 5.714-11.143 11.714-3.714h182.857q68 0 116.286 48.286t48.286 116.286z"
				],
				"width": 877.7149925231934,
				"attrs": [],
				"isMulticolor": false,
				"tags": [
					"sign-in"
				],
				"defaultCode": 61584,
				"grid": 14
			},
			"attrs": [],
			"properties": {
				"name": "sign-in",
				"id": 135,
				"order": 10,
				"prevSize": 32,
				"code": 61584
			},
			"setIdx": 1,
			"setId": 5,
			"iconIdx": 135
		},
		{
			"icon": {
				"paths": [
					"M261.714 504.571q-42.286-92.571-42.286-212h-146.286v54.857q0 44.571 54 92.571t134.571 64.571zM877.714 347.429v-54.857h-146.286q0 119.429-42.286 212 80.571-16.571 134.571-64.571t54-92.571zM950.857 274.286v73.143q0 40.571-23.714 81.714t-64 74.286-98.857 55.714-123.143 25.429q-24 30.857-54.286 54.286-21.714 19.429-30 41.429t-8.286 51.143q0 30.857 17.429 52t55.714 21.143q42.857 0 76.286 26t33.429 65.429v36.571q0 8-5.143 13.143t-13.143 5.143h-475.429q-8 0-13.143-5.143t-5.143-13.143v-36.571q0-39.429 33.429-65.429t76.286-26q38.286 0 55.714-21.143t17.429-52q0-29.143-8.286-51.143t-30-41.429q-30.286-23.429-54.286-54.286-64.571-2.857-123.143-25.429t-98.857-55.714-64-74.286-23.714-81.714v-73.143q0-22.857 16-38.857t38.857-16h164.571v-54.857q0-37.714 26.857-64.571t64.571-26.857h329.143q37.714 0 64.571 26.857t26.857 64.571v54.857h164.571q22.857 0 38.857 16t16 38.857z"
				],
				"width": 950.8559875488281,
				"attrs": [],
				"isMulticolor": false,
				"tags": [
					"trophy"
				],
				"defaultCode": 61585,
				"grid": 14
			},
			"attrs": [],
			"properties": {
				"name": "trophy",
				"id": 136,
				"order": 6,
				"prevSize": 32,
				"code": 61585
			},
			"setIdx": 1,
			"setId": 5,
			"iconIdx": 136
		},
		{
			"icon": {
				"paths": [
					"M348 466.286l164-118.857 164 118.857-62.286 192h-202.857zM512 0q104 0 198.857 40.571t163.429 109.143 109.143 163.429 40.571 198.857-40.571 198.857-109.143 163.429-163.429 109.143-198.857 40.571-198.857-40.571-163.429-109.143-109.143-163.429-40.571-198.857 40.571-198.857 109.143-163.429 163.429-109.143 198.857-40.571zM865.714 771.429q85.143-116 85.143-259.429v-1.714l-58.286 50.857-137.143-128 36-184.571 76.571 6.857q-85.714-117.714-222.286-161.143l30.286 70.857-164 90.857-164-90.857 30.286-70.857q-136.571 43.429-222.286 161.143l77.143-6.857 35.429 184.571-137.143 128-58.286-50.857v1.714q0 143.429 85.143 259.429l17.143-75.429 186.286 22.857 79.429 170.286-66.286 39.429q66.857 22.286 137.143 22.286t137.143-22.286l-66.286-39.429 79.429-170.286 186.286-22.857z"
				],
				"width": 1024,
				"attrs": [],
				"isMulticolor": false,
				"tags": [
					"futbol-o",
					"soccer-ball-o"
				],
				"defaultCode": 61923,
				"grid": 14
			},
			"attrs": [],
			"properties": {
				"name": "futbol-o, soccer-ball-o",
				"id": 439,
				"order": 9,
				"prevSize": 32,
				"code": 61923
			},
			"setIdx": 1,
			"setId": 5,
			"iconIdx": 439
		}
	],
	"height": 1024,
	"metadata": {
		"name": "icomoon"
	},
	"preferences": {
		"showGlyphs": true,
		"showQuickUse": true,
		"showQuickUse2": true,
		"showSVGs": true,
		"fontPref": {
			"prefix": "icon-",
			"metadata": {
				"fontFamily": "icomoon"
			},
			"metrics": {
				"emSize": 1024,
				"baseline": 6.25,
				"whitespace": 50
			},
			"embed": false
		},
		"imagePref": {
			"prefix": "icon-",
			"png": true,
			"useClassSelector": true,
			"color": 0,
			"bgColor": 16777215,
			"classSelector": ".icon"
		},
		"historySize": 100,
		"showCodes": true,
		"gridSize": 16
	}
}